create table t1 (
a1 char(64), 
a2 char(64), 
b char(16), 
c char(16) ,
d char(16) 
);
create table successfully
create projection on t1(a1, a2, b, c, d) number = 1 partitioned on a1;
create projection successfully
insert into t1 (a1, a2, b, c, d) values
('a','a','a','a111','xy1'),('a','a','a','b111','xy2'),('a','a','a','c111','xy3'),('a','a','a','d111','xy4'),
('a','a','b','e112','xy1'),('a','a','b','f112','xy2'),('a','a','b','g112','xy3'),('a','a','b','h112','xy4'),
('a','b','a','i121','xy1'),('a','b','a','j121','xy2'),('a','b','a','k121','xy3'),('a','b','a','l121','xy4'),
('a','b','b','m122','xy1'),('a','b','b','n122','xy2'),('a','b','b','o122','xy3'),('a','b','b','p122','xy4');
insert data successfully. 16 rows changed.
insert into t1 (a1, a2, b, c, d) values
('b','a','a','a211','xy1'),('b','a','a','b211','xy2'),('b','a','a','c211','xy3'),('b','a','a','d211','xy4'),
('b','a','b','e212','xy1'),('b','a','b','f212','xy2'),('b','a','b','g212','xy3'),('b','a','b','h212','xy4'),
('b','b','a','i221','xy1'),('b','b','a','j221','xy2'),('b','b','a','k221','xy3'),('b','b','a','l221','xy4'),
('b','b','b','m222','xy1'),('b','b','b','n222','xy2'),('b','b','b','o222','xy3'),('b','b','b','p222','xy4');
insert data successfully. 16 rows changed.
insert into t1 (a1, a2, b, c, d) values
('c','a','a','a311','xy1'),('c','a','a','b311','xy2'),('c','a','a','c311','xy3'),('c','a','a','d311','xy4'),
('c','a','b','e312','xy1'),('c','a','b','f312','xy2'),('c','a','b','g312','xy3'),('c','a','b','h312','xy4'),
('c','b','a','i321','xy1'),('c','b','a','j321','xy2'),('c','b','a','k321','xy3'),('c','b','a','l321','xy4'),
('c','b','b','m322','xy1'),('c','b','b','n322','xy2'),('c','b','b','o322','xy3'),('c','b','b','p322','xy4');
insert data successfully. 16 rows changed.
insert into t1 (a1, a2, b, c, d) values
('d','a','a','a411','xy1'),('d','a','a','b411','xy2'),('d','a','a','c411','xy3'),('d','a','a','d411','xy4'),
('d','a','b','e412','xy1'),('d','a','b','f412','xy2'),('d','a','b','g412','xy3'),('d','a','b','h412','xy4'),
('d','b','a','i421','xy1'),('d','b','a','j421','xy2'),('d','b','a','k421','xy3'),('d','b','a','l421','xy4'),
('d','b','b','m422','xy1'),('d','b','b','n422','xy2'),('d','b','b','o422','xy3'),('d','b','b','p422','xy4');
insert data successfully. 16 rows changed.
insert into t1 (a1, a2, b, c, d) values
('a','a','a','a111','xy1'),('a','a','a','b111','xy2'),('a','a','a','c111','xy3'),('a','a','a','d111','xy4'),
('a','a','b','e112','xy1'),('a','a','b','f112','xy2'),('a','a','b','g112','xy3'),('a','a','b','h112','xy4'),
('a','b','a','i121','xy1'),('a','b','a','j121','xy2'),('a','b','a','k121','xy3'),('a','b','a','l121','xy4'),
('a','b','b','m122','xy1'),('a','b','b','n122','xy2'),('a','b','b','o122','xy3'),('a','b','b','p122','xy4');
insert data successfully. 16 rows changed.
insert into t1 (a1, a2, b, c, d) values
('b','a','a','a211','xy1'),('b','a','a','b211','xy2'),('b','a','a','c211','xy3'),('b','a','a','d211','xy4'),
('b','a','b','e212','xy1'),('b','a','b','f212','xy2'),('b','a','b','g212','xy3'),('b','a','b','h212','xy4'),
('b','b','a','i221','xy1'),('b','b','a','j221','xy2'),('b','b','a','k221','xy3'),('b','b','a','l221','xy4'),
('b','b','b','m222','xy1'),('b','b','b','n222','xy2'),('b','b','b','o222','xy3'),('b','b','b','p222','xy4');
insert data successfully. 16 rows changed.
insert into t1 (a1, a2, b, c, d) values
('c','a','a','a311','xy1'),('c','a','a','b311','xy2'),('c','a','a','c311','xy3'),('c','a','a','d311','xy4'),
('c','a','b','e312','xy1'),('c','a','b','f312','xy2'),('c','a','b','g312','xy3'),('c','a','b','h312','xy4'),
('c','b','a','i321','xy1'),('c','b','a','j321','xy2'),('c','b','a','k321','xy3'),('c','b','a','l321','xy4'),
('c','b','b','m322','xy1'),('c','b','b','n322','xy2'),('c','b','b','o322','xy3'),('c','b','b','p322','xy4');
insert data successfully. 16 rows changed.
insert into t1 (a1, a2, b, c, d) values
('d','a','a','a411','xy1'),('d','a','a','b411','xy2'),('d','a','a','c411','xy3'),('d','a','a','d411','xy4'),
('d','a','b','e412','xy1'),('d','a','b','f412','xy2'),('d','a','b','g412','xy3'),('d','a','b','h412','xy4'),
('d','b','a','i421','xy1'),('d','b','a','j421','xy2'),('d','b','a','k421','xy3'),('d','b','a','l421','xy4'),
('d','b','b','m422','xy1'),('d','b','b','n422','xy2'),('d','b','b','o422','xy3'),('d','b','b','p422','xy4');
insert data successfully. 16 rows changed.
select a1, min(a2) from t1 group by a1;
t1.a1	min(t1.a2)
a	a	
b	a	
c	a	
d	a	
select a1 from t1 group by a1;
t1.a1
a	
b	
c	
d	
select a1, min(a2) from t1 group by a1;
t1.a1	min(t1.a2)
a	a	
b	a	
c	a	
d	a	
select a1, a2, b, min(c) from t1 group by a1,a2,b;
t1.a1	t1.a2	t1.b	min(t1.c)
a	a	a	a111	
a	a	b	e112	
a	b	a	i121	
a	b	b	m122	
b	a	a	a211	
b	a	b	e212	
b	b	a	i221	
b	b	b	m222	
c	a	a	a311	
c	a	b	e312	
c	b	a	i321	
c	b	b	m322	
d	a	a	a411	
d	a	b	e412	
d	b	a	i421	
d	b	b	m422	
select a1,a2,b,min(c) from t1 group by a1,a2,b;
t1.a1	t1.a2	t1.b	min(t1.c)
a	a	a	a111	
a	a	b	e112	
a	b	a	i121	
a	b	b	m122	
b	a	a	a211	
b	a	b	e212	
b	b	a	i221	
b	b	b	m222	
c	a	a	a311	
c	a	b	e312	
c	b	a	i321	
c	b	b	m322	
d	a	a	a411	
d	a	b	e412	
d	b	a	i421	
d	b	b	m422	
select min(a2), a1,  min(a2), a1 from t1 group by a1;
min(t1.a2)	t1.a1	min(t1.a2)	t1.a1
a	a	a	a	
a	b	a	b	
a	c	a	c	
a	d	a	d	
select a1, b, min(c), a1,  b, a2 from t1 group by a1, a2, b;
t1.a1	t1.b	min(t1.c)	t1.a1	t1.b	t1.a2
a	a	a111	a	a	a	
a	b	e112	a	b	a	
a	a	i121	a	a	b	
a	b	m122	a	b	b	
b	a	a211	b	a	a	
b	b	e212	b	b	a	
b	a	i221	b	a	b	
b	b	m222	b	b	b	
c	a	a311	c	a	a	
c	b	e312	c	b	a	
c	a	i321	c	a	b	
c	b	m322	c	b	b	
d	a	a411	d	a	a	
d	b	e412	d	b	a	
d	a	i421	d	a	b	
d	b	m422	d	b	b	
select min(a2) from t1 group by a1;
t1.a1	min(t1.a2)
a	a	
b	a	
c	a	
d	a	
select a2, min(c) from t1 group by a1,a2,b;
t1.a2	min(t1.c)
a	a111	
a	e112	
b	i121	
b	m122	
a	a211	
a	e212	
b	i221	
b	m222	
a	a311	
a	e312	
b	i321	
b	m322	
a	a411	
a	e412	
b	i421	
b	m422	
select a1,a2,b,min(c) from t1 where a1 < 'd' group by a1,a2,b;
t1.a1	t1.a2	t1.b	min(t1.c)
a	a	a	a111	
a	a	b	e112	
a	b	a	i121	
a	b	b	m122	
b	a	a	a211	
b	a	b	e212	
b	b	a	i221	
b	b	b	m222	
c	a	a	a311	
c	a	b	e312	
c	b	a	i321	
c	b	b	m322	
select a1,a2,b,min(c) from t1 where a1 >= 'b' group by a1,a2,b;
t1.a1	t1.a2	t1.b	min(t1.c)
b	a	a	a211	
b	a	b	e212	
b	b	a	i221	
b	b	b	m222	
c	a	a	a311	
c	a	b	e312	
c	b	a	i321	
c	b	b	m322	
d	a	a	a411	
d	a	b	e412	
d	b	a	i421	
d	b	b	m422	
select a1,a2,b      from t1 where a1 >= 'c' or a1 < 'b' group by a1,a2,b;
t1.a1	t1.a2	t1.b
a	a	a	
a	a	b	
a	b	a	
a	b	b	
c	a	a	
c	a	b	
c	b	a	
c	b	b	
d	a	a	
d	a	b	
d	b	a	
d	b	b	
select a1    from t1 where a1 >= 'c' or a1 < 'b' group by a1,a2,b;
t1.a1
a	
a	
a	
a	
c	
c	
c	
c	
d	
d	
d	
d	
select a1,a2,b,min(c) from t1 where a1 >= 'c' or a2 < 'b' group by a1,a2,b;
t1.a1	t1.a2	t1.b	min(t1.c)
a	a	a	a111	
a	a	b	e112	
b	a	a	a211	
b	a	b	e212	
c	a	a	a311	
c	a	b	e312	
c	b	a	i321	
c	b	b	m322	
d	a	a	a411	
d	a	b	e412	
d	b	a	i421	
d	b	b	m422	
select a1,a2,b      from t1 where a1 = 'z' or a1 = 'b' or a1 = 'd' group by a1,a2,b;
t1.a1	t1.a2	t1.b
b	a	a	
b	a	b	
b	b	a	
b	b	b	
d	a	a	
d	a	b	
d	b	a	
d	b	b	
select a1,a2,b,min(c) from t1 where a1 = 'z' or a1 = 'b' or a1 = 'd' group by a1,a2,b;
t1.a1	t1.a2	t1.b	min(t1.c)
b	a	a	a211	
b	a	b	e212	
b	b	a	i221	
b	b	b	m222	
d	a	a	a411	
d	a	b	e412	
d	b	a	i421	
d	b	b	m422	
select a1,a2,b      from t1 where (a1 = 'b' or a1 = 'd' or a1 = 'a' or a1 = 'c') and (a2 > 'a') group by a1,a2,b;
t1.a1	t1.a2	t1.b
a	b	a	
a	b	b	
b	b	a	
b	b	b	
c	b	a	
c	b	b	
d	b	a	
d	b	b	
select a1,a2,b,min(c) from t1 where (a1 = 'b' or a1 = 'd' or a1 = 'a' or a1 = 'c') and (a2 > 'a') group by a1,a2,b;
t1.a1	t1.a2	t1.b	min(t1.c)
a	b	a	i121	
a	b	b	m122	
b	b	a	i221	
b	b	b	m222	
c	b	a	i321	
c	b	b	m322	
d	b	a	i421	
d	b	b	m422	
select a1,min(c)      from t1 where a1 >= 'b' group by a1,a2,b;
t1.a1	min(t1.c)
b	a211	
b	e212	
b	i221	
b	m222	
c	a311	
c	e312	
c	i321	
c	m322	
d	a411	
d	e412	
d	i421	
d	m422	
select a1           from t1 where a1 in ('a','b','d') group by a1,a2,b;
t1.a1
a	
a	
a	
a	
b	
b	
b	
b	
d	
d	
d	
d	
select a1,min(c)      from t1 where (a2 = 'a') and (b = 'b') group by a1;
t1.a1	min(t1.c)
a	e112	
b	e212	
c	e312	
d	e412	
select a1,a2         from t1 where (b = 'b') group by a1,a2;
t1.a1	t1.a2
a	a	
a	b	
b	a	
b	b	
c	a	
c	b	
d	a	
d	b	
select a1,a2,b        from t1 where (c > 'b1') group by a1,a2,b;
t1.a1	t1.a2	t1.b
a	a	a	
a	a	b	
a	b	a	
a	b	b	
b	a	a	
b	a	b	
b	b	a	
b	b	b	
c	a	a	
c	a	b	
c	b	a	
c	b	b	
d	a	a	
d	a	b	
d	b	a	
d	b	b	
select a1,a2,b,min(c) from t1 where (c > 'b1') group by a1,a2,b;
t1.a1	t1.a2	t1.b	min(t1.c)
a	a	a	b111	
a	a	b	e112	
a	b	a	i121	
a	b	b	m122	
b	a	a	b211	
b	a	b	e212	
b	b	a	i221	
b	b	b	m222	
c	a	a	b311	
c	a	b	e312	
c	b	a	i321	
c	b	b	m322	
d	a	a	b411	
d	a	b	e412	
d	b	a	i421	
d	b	b	m422	
select a1,a2,b       from t1 where (c > 'f123') group by a1,a2,b;
t1.a1	t1.a2	t1.b
a	a	b	
a	b	a	
a	b	b	
b	a	b	
b	b	a	
b	b	b	
c	a	b	
c	b	a	
c	b	b	
d	a	b	
d	b	a	
d	b	b	
select a1,a2,b,min(c) from t1 where (c > 'f123') group by a1,a2,b;
t1.a1	t1.a2	t1.b	min(t1.c)
a	a	b	g112	
a	b	a	i121	
a	b	b	m122	
b	a	b	f212	
b	b	a	i221	
b	b	b	m222	
c	a	b	f312	
c	b	a	i321	
c	b	b	m322	
d	a	b	f412	
d	b	a	i421	
d	b	b	m422	
select a1,a2,b       from t1 where (c < 'a0') group by a1,a2,b;
t1.a1	t1.a2	t1.b
select a1,a2,b,min(c) from t1 where (c < 'a0') group by a1,a2,b;
t1.a1	t1.a2	t1.b	min(t1.c)
select a1,a2,b       from t1 where (c < 'k321') group by a1,a2,b;
t1.a1	t1.a2	t1.b
a	a	a	
a	a	b	
a	b	a	
b	a	a	
b	a	b	
b	b	a	
c	a	a	
c	a	b	
c	b	a	
d	a	a	
d	a	b	
d	b	a	
select a1,a2,b,min(c) from t1 where (c < 'k321') group by a1,a2,b;
t1.a1	t1.a2	t1.b	min(t1.c)
a	a	a	a111	
a	a	b	e112	
a	b	a	i121	
b	a	a	a211	
b	a	b	e212	
b	b	a	i221	
c	a	a	a311	
c	a	b	e312	
c	b	a	i321	
d	a	a	a411	
d	a	b	e412	
d	b	a	i421	
select a1,a2,b       from t1 where (c < 'a0') or (c > 'b1') group by a1,a2,b;
t1.a1	t1.a2	t1.b
a	a	a	
a	a	b	
a	b	a	
a	b	b	
b	a	a	
b	a	b	
b	b	a	
b	b	b	
c	a	a	
c	a	b	
c	b	a	
c	b	b	
d	a	a	
d	a	b	
d	b	a	
d	b	b	
select a1,a2,b,min(c) from t1 where (c < 'a0') or (c > 'b1') group by a1,a2,b;
t1.a1	t1.a2	t1.b	min(t1.c)
a	a	a	b111	
a	a	b	e112	
a	b	a	i121	
a	b	b	m122	
b	a	a	b211	
b	a	b	e212	
b	b	a	i221	
b	b	b	m222	
c	a	a	b311	
c	a	b	e312	
c	b	a	i321	
c	b	b	m322	
d	a	a	b411	
d	a	b	e412	
d	b	a	i421	
d	b	b	m422	
select a1,a2,b       from t1 where (c > 'b1') or (c <= 'g1') group by a1,a2,b;
t1.a1	t1.a2	t1.b
a	a	a	
a	a	b	
a	b	a	
a	b	b	
b	a	a	
b	a	b	
b	b	a	
b	b	b	
c	a	a	
c	a	b	
c	b	a	
c	b	b	
d	a	a	
d	a	b	
d	b	a	
d	b	b	
select a1,a2,b,min(c) from t1 where (c > 'b1') or (c <= 'g1') group by a1,a2,b;
t1.a1	t1.a2	t1.b	min(t1.c)
a	a	a	a111	
a	a	b	e112	
a	b	a	i121	
a	b	b	m122	
b	a	a	a211	
b	a	b	e212	
b	b	a	i221	
b	b	b	m222	
c	a	a	a311	
c	a	b	e312	
c	b	a	i321	
c	b	b	m322	
d	a	a	a411	
d	a	b	e412	
d	b	a	i421	
d	b	b	m422	
select a1,a2,b,min(c) from t1 where (c > 'b111') and (c <= 'g112') group by a1,a2,b;
t1.a1	t1.a2	t1.b	min(t1.c)
a	a	a	c111	
a	a	b	e112	
b	a	a	b211	
b	a	b	e212	
c	a	a	b311	
c	a	b	e312	
d	a	a	b411	
d	a	b	e412	
select a1,a2,b,min(c) from t1 where (c < 'c5') or (c = 'g412') or (c = 'k421') group by a1,a2,b;
t1.a1	t1.a2	t1.b	min(t1.c)
a	a	a	a111	
b	a	a	a211	
c	a	a	a311	
d	a	a	a411	
d	a	b	g412	
d	b	a	k421	
select a1,a2,b,min(c) from t1 where ((c > 'b111') and (c <= 'g112')) or ((c > 'd000') and (c <= 'i110')) group by a1,a2,b;
t1.a1	t1.a2	t1.b	min(t1.c)
a	a	a	c111	
a	a	b	e112	
b	a	a	b211	
b	a	b	e212	
c	a	a	b311	
c	a	b	e312	
d	a	a	b411	
d	a	b	e412	
select a1,a2,b,min(c) from t1 where (c between 'b111' and 'g112') or (c between 'd000' and 'i110') group by a1,a2,b;
t1.a1	t1.a2	t1.b	min(t1.c)
a	a	a	b111	
a	a	b	e112	
b	a	a	b211	
b	a	b	e212	
c	a	a	b311	
c	a	b	e312	
d	a	a	b411	
d	a	b	e412	
select a1,a2,b,min(c) from t1 where (a1 >= 'c' or a2 < 'b') and (b > 'a') group by a1,a2,b;
t1.a1	t1.a2	t1.b	min(t1.c)
a	a	b	e112	
b	a	b	e212	
c	a	b	e312	
c	b	b	m322	
d	a	b	e412	
d	b	b	m422	
select a1,a2,b,min(c) from t1 where (a1 >= 'c' or a2 < 'b') and (c > 'b111') group by a1,a2,b;
t1.a1	t1.a2	t1.b	min(t1.c)
a	a	a	c111	
a	a	b	e112	
b	a	a	b211	
b	a	b	e212	
c	a	a	b311	
c	a	b	e312	
c	b	a	i321	
c	b	b	m322	
d	a	a	b411	
d	a	b	e412	
d	b	a	i421	
d	b	b	m422	
select a1,a2,b,min(c) from t1 where (a2 >= 'b') and (b = 'a') and (c > 'b111') group by a1,a2,b;
t1.a1	t1.a2	t1.b	min(t1.c)
a	b	a	i121	
b	b	a	i221	
c	b	a	i321	
d	b	a	i421	
select a1,a2,b,min(c) from t1 where ((a1 > 'a') or (a1 < '9'))  and ((a2 >= 'b') and (a2 < 'z')) and (b = 'a') and ((c < 'h112') or (c = 'j121') or (c > 'k121' and c < 'm122') or (c > 'o122')) group by a1,a2,b;
t1.a1	t1.a2	t1.b	min(t1.c)
b	b	a	k221	
c	b	a	k321	
d	b	a	k421	
select a1,a2,b,min(c) from t1 where ((a1 > 'a') or (a1 < '9'))  and ((a2 >= 'b') and (a2 < 'z')) and (b = 'a') and ((c = 'j121') or (c > 'k121' and c < 'm122') or (c > 'o122') or (c < 'h112') or (c = 'c111')) group by a1,a2,b;
t1.a1	t1.a2	t1.b	min(t1.c)
b	b	a	k221	
c	b	a	k321	
d	b	a	k421	
select a1,a2,b,min(c) from t1 where (a1 > 'a') and (a2 > 'a') and (b = 'c') group by a1,a2,b;
t1.a1	t1.a2	t1.b	min(t1.c)
select a1,a2,b from t1 where (a1 >= 'c' or a2 < 'b') and (b > 'a') group by a1,a2,b;
t1.a1	t1.a2	t1.b
a	a	b	
b	a	b	
c	a	b	
c	b	b	
d	a	b	
d	b	b	
select a1,a2,b from t1 where (a2 >= 'b') and (b = 'a') group by a1,a2,b;
t1.a1	t1.a2	t1.b
a	b	a	
b	b	a	
c	b	a	
d	b	a	
select a1,a2,b from t1 where (a1 > 'a') and (a2 > 'a') and (b = 'c') group by a1,a2,b;
t1.a1	t1.a2	t1.b
drop table t1;
drop table successfully!
